cas,ticker,ak,atkc,atka,atkb,atkt0,atkt24,atoc
2026-09-27T09:06:31.243359+00:00,NVDA,225.07,224.97,225.00,224.99,9,67,226.22591143934142509347720092
2026-09-27T09:06:31.243359+00:00,AAPL,341.07,340.76,340.87,340.84,9,49,338.53865840427036475312199996
2026-09-27T09:06:31.243359+00:00,TSLA,372.11,372.99,373.10,373.02,17,94,372.50724451994038082569371127
2026-09-27T09:06:31.243359+00:00,GOOGL,343.92,344.02,344.21,344.19,18,78,341.37299174616225673866251303
2026-09-27T09:06:31.243359+00:00,MSTR,158.61,161.29,161.30,161.29,582,686,161.746468836213162115371043716992521618180328
2026-09-27T09:06:31.243359+00:00,HOOD,119.4,119.64,119.65,119.55,4,61,119.85767043631368504372737651
2026-09-27T09:06:31.243359+00:00,CRCL,89,89.80,89.93,89.86,140,195,90.07783697173596278596522549094099939194326
2026-09-27T09:06:31.243359+00:00,SPY,771.35,770.20,770.20,770.14,35,86,774.11543672007161267550270484
2026-09-27T09:06:31.243359+00:00,QQQ,744.5,746.01,746.13,746.08,25,67,749.42370745160224322682290499638630797713662
2026-09-27T09:06:31.243359+00:00,GLD,393.41,392.79,392.73,392.42,1,2,393.26577604073326495039379462016931378349625
2026-09-27T14:58:38.724697+00:00,NVDA,225.07,224.85,224.85,224.80,36,59,224.30475251022178524395802025249941021355404
2026-09-27T14:58:38.724697+00:00,AAPL,341.07,339.96,339.78,339.77,24,47,343.98794209030539750973856817
2026-09-27T14:58:38.724697+00:00,TSLA,372.11,372.54,372.55,372.50,206,272,373.20594543818762574752315343171667322095104
2026-09-27T14:58:38.724697+00:00,GOOGL,343.92,343.67,343.36,343.34,47,99,343.56694347061275177765839733
2026-09-27T14:58:38.724697+00:00,MSTR,158.61,161.67,161.39,161.38,836,914,161.745611568974343983170421451138185199985779
2026-09-27T14:58:38.724697+00:00,HOOD,119.4,119.50,119.30,119.24,26,30,118.568899938051364877949134316871449313274323
2026-09-27T14:58:38.724697+00:00,CRCL,89,89.24,89.26,89.24,397,424,88.931838884964419160252705971265390375980057
2026-09-27T14:58:38.724697+00:00,SPY,771.35,769.64,769.89,769.64,93,118,772.984278598277212508310161083824066390699
2026-09-27T14:58:38.724697+00:00,QQQ,744.5,744.40,744.30,744.17,37,68,748.23538920061134737773305079425574801731787
2026-09-27T14:58:38.724697+00:00,GLD,393.41,392.37,392.42,392.09,3,4,390.36099781183600069041963435420219530697184
2026-09-27T18:57:06.299578+00:00,NVDA,225.07,225.34,225.36,225.34,53,61,225.57047932562986586273701683772806155009354
2026-09-27T18:57:06.299578+00:00,AAPL,341.07,340.34,340.38,340.33,40,55,341.27212352417197303448656795494207561012105
2026-09-27T18:57:06.299578+00:00,TSLA,372.11,373.24,373.46,373.41,318,353,372.8312432865629736736122712395323671757836
2026-09-27T18:57:06.299578+00:00,GOOGL,343.92,343.55,344.12,344.06,58,69,343.57224280615662351613680467067462968903952
2026-09-27T18:57:06.299578+00:00,MSTR,158.61,161.55,161.97,161.77,1045,1076,161.891355110165170305997564071366944932835312
2026-09-27T18:57:06.299578+00:00,HOOD,119.4,119.45,119.54,119.48,34,37,119.419803152775726716240011229168053486990389
2026-09-27T18:57:06.299578+00:00,CRCL,89,89.15,89.48,89.46,440,460,89.304428202125023059002084475055835561944201
2026-09-27T18:57:06.299578+00:00,SPY,771.35,770.89,770.89,770.49,109,120,776.99912405740302098245196602545324585862028
2026-09-27T18:57:06.299578+00:00,QQQ,744.5,745.38,745.68,745.67,46,63,749.6280887562956558651878779
2026-09-27T18:57:06.299578+00:00,GLD,393.41,392.52,392.52,392.14,5,6,392.10358461520937344504324248962392617388576
2026-09-27T23:47:50.267032+00:00,NVDA,225.07,224.32,224.49,224.41,68,68,225.6416860714367635561160934753568689922512
2026-09-27T23:47:50.267032+00:00,AAPL,341.07,339.32,339.74,339.61,47,47,340.04223350669393537562728924680545611099992
2026-09-27T23:47:50.267032+00:00,TSLA,372.11,372.65,372.89,372.70,391,391,372.88773783438858662290178685
2026-09-27T23:47:50.267032+00:00,GOOGL,343.92,343.55,343.29,343.16,70,70,340.68500306536946186129104737993369137712232
2026-09-27T23:47:50.267032+00:00,MSTR,158.61,160.89,160.99,160.89,1477,1477,160.639093970979875026540838643413716511109868
2026-09-27T23:47:50.267032+00:00,HOOD,119.4,118.55,118.87,118.78,96,96,119.93932853502969786701379061218102431963215
2026-09-27T23:47:50.267032+00:00,CRCL,89,88.76,88.88,88.81,608,608,88.759139310858930186669234486466746202953832
2026-09-27T23:47:50.267032+00:00,SPY,771.35,768.99,769.56,768.99,126,126,770.99654461499710495312914022907023521593166
2026-09-27T23:47:50.267032+00:00,QQQ,744.5,742.86,743.32,743.18,60,60,742.68629966014119281401743709373730898599679
2026-09-27T23:47:50.267032+00:00,GLD,393.41,392.52,390.85,390.47,5,5,390.73434132445885160883879920109180006484662
2026-09-28T05:22:33.283138+00:00,NVDA,225.07,224.09,224.04,223.98,23,87,224.62065061036802305184542853925824898586275
2026-09-28T05:22:33.283138+00:00,AAPL,341.07,340.11,340.17,340.11,10,50,342.44163514014993261005047827561768945878314
2026-09-28T05:22:33.283138+00:00,TSLA,372.11,369.93,370.11,370.03,217,604,369.40865637746006522968233479083749015282216
2026-09-28T05:22:33.283138+00:00,GOOGL,343.92,342.12,341.73,341.70,72,139,346.58849951722483237018989322078367684449748
2026-09-28T05:22:33.283138+00:00,MSTR,158.61,155.66,155.83,155.66,227,1438,156.42436399328895311135910586506613002008022
2026-09-28T05:22:33.283138+00:00,HOOD,119.4,116.83,116.43,116.40,141,237,117.97580693502751025787313948078690456923
2026-09-28T05:22:33.283138+00:00,CRCL,89,86.41,86.46,86.30,364,837,86.868843242365691925525600713
2026-09-28T05:22:33.283138+00:00,SPY,771.35,768.40,768.39,768.34,70,189,773.8717556342911756405554370370732924637
2026-09-28T05:22:33.283138+00:00,QQQ,744.5,739.52,739.08,739.06,24,71,744.76097350877902696057732278868708377976374
2026-09-28T05:22:33.283138+00:00,GLD,393.41,383.87,384.25,383.92,68,72,385.13915842301240262878495071454036611035
2026-09-28T13:53:00.178725+00:00,NVDA,231.82,231.68,231.09,231.01,676,711,231.8626900614554428603526658
2026-09-28T13:53:00.178725+00:00,AAPL,342.47,342.27,342.48,342.46,82,105,340.55399290466509866920919283161168211871248
2026-09-28T13:53:00.178725+00:00,TSLA,361.93,361.13,362.75,362.59,347,711,361.33376811661391651902045389881871664702203
2026-09-28T13:53:00.178725+00:00,GOOGL,342.79,342.55,342.62,342.54,166,190,340.89986280482825409301276329740890432143168
2026-09-28T13:53:00.178725+00:00,MSTR,158.63,158.80,159.38,159.02,595,1252,159.02649983481625205447055552648437296871604
2026-09-28T13:53:00.178725+00:00,HOOD,118.9,119.33,119.03,118.97,233,303,119.891101265364573823820422071953566375523752
2026-09-28T13:53:00.178725+00:00,CRCL,86.41,86.60,86.73,86.62,680,1049,86.624348759086884129402116090012848871165988
2026-09-28T13:53:00.178725+00:00,SPY,768.3,768.21,768.30,767.97,159,205,772.24972885050734204042984525
2026-09-28T13:53:00.178725+00:00,QQQ,738.7,737.99,738.85,738.82,126,150,742.53511952182531760097298775312927408070062
2026-09-28T13:53:00.178725+00:00,GLD,381.2,379.87,381.45,381.20,112,114,379.58318159629011040669752575896629660766338
2026-09-28T23:16:35.922423+00:00,NVDA,228.86,229.22,229.24,229.19,821,821,228.69206266595422768832641484705571133387584
2026-09-28T23:16:35.922423+00:00,AAPL,338.4,338.59,338.58,338.44,143,144,343.55473232669499464485971908799974516208108
2026-09-28T23:16:35.922423+00:00,TSLA,357.45,358.31,358.49,358.33,468,468,357.8411420439800938075966173
2026-09-28T23:16:35.922423+00:00,GOOGL,342.75,342.40,342.40,342.28,222,223,347.30567272173309287820134383160376334695235
2026-09-28T23:16:35.922423+00:00,MSTR,157.14,157.15,157.27,157.14,959,1103,157.0915334468040352964429788466209696346707
2026-09-28T23:16:35.922423+00:00,HOOD,116.46,116.08,116.13,116.11,277,311,115.213073824128015446563709048087539907570688
2026-09-28T23:16:35.922423+00:00,CRCL,85.8,85.79,85.88,85.82,830,832,85.49095241765886985557553845
2026-09-28T23:16:35.922423+00:00,SPY,765.61,765.92,766.00,765.18,293,293,765.33446687230727472425830972
2026-09-28T23:16:35.922423+00:00,QQQ,736.53,737.44,737.49,737.27,231,234,741.57243835313807165771285337559730405297776
2026-09-28T23:16:35.922423+00:00,GLD,377.91,377.97,378.42,377.94,155,155,376.37792248126021508126361258530954860810836
2026-09-29T00:19:10.856146+00:00,NVDA,228.86,229.19,229.02,228.99,3,823,228.92350685079660429629576395502195370440112
2026-09-29T00:19:10.856146+00:00,AAPL,338.4,338.59,338.18,338.17,143,142,339.35959672060906716152022493495880092558987
2026-09-29T00:19:10.856146+00:00,TSLA,357.45,358.22,357.98,357.95,469,467,357.28966651204324362263208602819702989610296
2026-09-29T00:19:10.856146+00:00,GOOGL,342.75,342.29,342.23,342.22,224,223,348.17100945256186910266801006
2026-09-29T00:19:10.856146+00:00,MSTR,157.14,157.47,157.21,157.09,3,909,157.03267865525789796908621445218935491972528
2026-09-29T00:19:10.856146+00:00,HOOD,116.46,116.08,115.92,115.91,277,267,115.553850216050377516731337728
2026-09-29T00:19:10.856146+00:00,CRCL,85.8,85.79,85.69,85.63,830,822,85.473188701732154355630362561597945115709155
2026-09-29T00:19:10.856146+00:00,SPY,765.61,765.92,765.19,765.00,293,289,771.2940862882385760336487489097394661800579
2026-09-29T00:19:10.856146+00:00,QQQ,736.53,736.37,736.16,736.05,4,238,737.62384403625549498174544875057847710995172
2026-09-29T00:19:10.856146+00:00,GLD,377.91,377.48,377.88,377.52,1,155,376.52152275365519060425586722020868922349934
2026-09-29T01:21:45.539941+00:00,NVDA,228.86,228.10,228.21,228.20,23,838,229.02502663746193550641413895127246486488604
2026-09-29T01:21:45.539941+00:00,AAPL,338.4,337.87,337.80,337.76,2,144,340.52781534613200457660727649
2026-09-29T01:21:45.539941+00:00,TSLA,357.45,356.78,356.89,356.85,3,262,357.55962680212801861585413041382664769311905
2026-09-29T01:21:45.539941+00:00,GOOGL,342.75,342.29,342.00,341.98,224,165,344.09869035309602363988814515596159250771268
2026-09-29T01:21:45.539941+00:00,MSTR,157.14,155.03,155.67,155.51,33,796,155.6245308369773658473247498763557878802996
2026-09-29T01:21:45.539941+00:00,HOOD,116.46,115.10,115.27,115.26,3,194,113.786261773691104361039014281864296862611712
2026-09-29T01:21:45.539941+00:00,CRCL,85.8,85.15,85.26,85.17,35,615,85.31716847999782041711642681475867932462954
2026-09-29T01:21:45.539941+00:00,SPY,765.61,763.81,764.42,763.81,6,286,772.1129877983021926670991945
2026-09-29T01:21:45.539941+00:00,QQQ,736.53,734.31,734.49,734.37,13,246,737.97405700151735004382709625
2026-09-29T01:21:45.539941+00:00,GLD,377.91,377.48,378.69,378.32,1,99,376.76125676934543970937804434421763676899501
2026-09-29T02:24:22.389366+00:00,NVDA,228.86,228.76,229.00,228.97,27,839,229.7104875060162262071084456726629887878924
2026-09-29T02:24:22.389366+00:00,AAPL,338.4,337.76,338.14,338.08,3,145,340.29432846741006470069741376
2026-09-29T02:24:22.389366+00:00,TSLA,357.45,357.01,357.48,357.45,4,259,358.63939687053011586415375396487305759711888
2026-09-29T02:24:22.389366+00:00,GOOGL,342.75,342.07,342.37,342.34,1,158,344.2960257865900392104691151325596868999324
2026-09-29T02:24:22.389366+00:00,MSTR,157.14,155.05,155.38,155.19,34,787,155.90286405944606392349737021443723247923636
2026-09-29T02:24:22.389366+00:00,HOOD,116.46,115.47,115.56,115.55,5,191,113.791264190648845739751954508947372469387008
2026-09-29T02:24:22.389366+00:00,CRCL,85.8,85.26,85.17,85.16,147,631,85.476963820767441961278155049987351016268085
2026-09-29T02:24:22.389366+00:00,SPY,765.61,764.61,764.62,763.81,10,247,770.69524001478959732894574868763098257725424
2026-09-29T02:24:22.389366+00:00,QQQ,736.53,734.31,735.66,735.60,13,241,740.10904407269757484355434919036387726386749
2026-09-29T02:24:22.389366+00:00,GLD,377.91,377.48,379.01,378.64,1,95,379.8919316743859872311441563247714425068245
2026-09-29T03:26:56.383077+00:00,NVDA,228.86,228.10,228.53,228.48,28,839,228.46600051966122076315462763064997338519078
2026-09-29T03:26:56.383077+00:00,AAPL,338.4,337.68,337.68,337.64,6,147,341.92297679830907505967038072623290790267712
2026-09-29T03:26:56.383077+00:00,TSLA,357.45,357.07,357.10,357.06,6,260,356.41016360387956827406620074125369161738936
2026-09-29T03:26:56.383077+00:00,GOOGL,342.75,341.87,341.92,341.86,3,158,345.5808423465636292932008893608348043218061
2026-09-29T03:26:56.383077+00:00,MSTR,157.14,155.06,156.33,156.10,36,782,155.81077047130762732988124077826491319375
2026-09-29T03:26:56.383077+00:00,HOOD,116.46,115.51,115.58,115.57,8,178,115.902890903528359078737470408507019941079318
2026-09-29T03:26:56.383077+00:00,CRCL,85.8,85.15,85.34,85.31,150,629,85.119588542516237778066787222622695197897804
2026-09-29T03:26:56.383077+00:00,SPY,765.61,764.53,764.41,763.82,11,240,767.13584527915486711259674829190650273898768
2026-09-29T03:26:56.383077+00:00,QQQ,736.53,734.31,734.45,734.39,13,240,736.07639567934467001378857534128867489222144
2026-09-29T03:26:56.383077+00:00,GLD,377.91,377.48,379.58,379.23,1,95,379.47656087358857585231584204230484361536272
